{
    "benchmarks": [
        {
            "stats": {
                "mean": 0.7496871471405029, 
                "median": 0.7175948619842529, 
                "stddev_outliers": 2, 
                "outliers": "2;0", 
                "ld15iqr": 0.6793439388275146, 
                "q3": 0.8263286352157593, 
                "q1": 0.6922861337661743, 
                "min": 0.6793439388275146, 
                "stddev": 0.0722840770626919, 
                "hd15iqr": 0.8296878337860107, 
                "rounds": 5, 
                "iterations": 1, 
                "max": 0.8296878337860107, 
                "iqr": 0.13404250144958496, 
                "iqr_outliers": 0
            }, 
            "group": "buffered", 
            "param": null, 
            "extra_info": {}, 
            "name": "test_BufferedSocket", 
            "options": {
                "min_rounds": 5, 
                "warmup": false, 
                "timer": "time", 
                "disable_gc": false, 
                "max_time": 1.0, 
                "min_time": 5e-06
            }, 
            "fullname": ".tox/py27-bench/lib/python2.7/site-packages/capnpy/benchmarks/test_buffered.py::TestBuffered::()::test_BufferedSocket", 
            "params": null
        }, 
        {
            "stats": {
                "mean": 0.7380415916442871, 
                "median": 0.8116810321807861, 
                "stddev_outliers": 2, 
                "outliers": "2;0", 
                "ld15iqr": 0.5604259967803955, 
                "q3": 0.8736441731452942, 
                "q1": 0.5614069700241089, 
                "min": 0.5604259967803955, 
                "stddev": 0.16393504057022645, 
                "hd15iqr": 0.8872621059417725, 
                "rounds": 5, 
                "iterations": 1, 
                "max": 0.8872621059417725, 
                "iqr": 0.3122372031211853, 
                "iqr_outliers": 0
            }, 
            "group": "buffered", 
            "param": null, 
            "extra_info": {}, 
            "name": "test_BufferedStream", 
            "options": {
                "min_rounds": 5, 
                "warmup": false, 
                "timer": "time", 
                "disable_gc": false, 
                "max_time": 1.0, 
                "min_time": 5e-06
            }, 
            "fullname": ".tox/py27-bench/lib/python2.7/site-packages/capnpy/benchmarks/test_buffered.py::TestBuffered::()::test_BufferedStream", 
            "params": null
        }, 
        {
            "stats": {
                "mean": 6.052155923843384, 
                "median": 6.352039098739624, 
                "stddev_outliers": 1, 
                "outliers": "1;1", 
                "ld15iqr": 6.269470930099487, 
                "q3": 6.722318410873413, 
                "q1": 5.741873145103455, 
                "min": 4.1590797901153564, 
                "stddev": 1.0805023226924582, 
                "hd15iqr": 6.775647878646851, 
                "rounds": 5, 
                "iterations": 1, 
                "max": 6.775647878646851, 
                "iqr": 0.9804452657699585, 
                "iqr_outliers": 1
            }, 
            "group": "buffered", 
            "param": null, 
            "extra_info": {}, 
            "name": "test_makefile", 
            "options": {
                "min_rounds": 5, 
                "warmup": false, 
                "timer": "time", 
                "disable_gc": false, 
                "max_time": 1.0, 
                "min_time": 5e-06
            }, 
            "fullname": ".tox/py27-bench/lib/python2.7/site-packages/capnpy/benchmarks/test_buffered.py::TestBuffered::()::test_makefile", 
            "params": null
        }, 
        {
            "stats": {
                "mean": 0.0010123644515478926, 
                "median": 0.0009560585021972656, 
                "stddev_outliers": 7, 
                "outliers": "7;32", 
                "ld15iqr": 0.0008440017700195312, 
                "q3": 0.000993967056274414, 
                "q1": 0.0009338855743408203, 
                "min": 0.0005581378936767578, 
                "stddev": 0.000618455927184594, 
                "hd15iqr": 0.0010859966278076172, 
                "rounds": 834, 
                "iterations": 1, 
                "max": 0.011523962020874023, 
                "iqr": 6.008148193359375e-05, 
                "iqr_outliers": 32
            }, 
            "group": "unpack", 
            "param": "str", 
            "extra_info": {}, 
            "name": "test_unpack_primitive_int64[str]", 
            "options": {
                "min_rounds": 5, 
                "warmup": false, 
                "timer": "time", 
                "disable_gc": false, 
                "max_time": 1.0, 
                "min_time": 5e-06
            }, 
            "fullname": ".tox/py27-bench/lib/python2.7/site-packages/capnpy/benchmarks/test_unpack.py::TestUnpack::()::test_unpack_primitive_int64[str]", 
            "params": {
                "buftype": "str"
            }
        }, 
        {
            "stats": {
                "mean": 0.0008955757736702988, 
                "median": 0.0009489059448242188, 
                "stddev_outliers": 171, 
                "outliers": "171;198", 
                "ld15iqr": 0.0006639957427978516, 
                "q3": 0.0009810924530029297, 
                "q1": 0.0008535385131835938, 
                "min": 0.0005609989166259766, 
                "stddev": 0.0002815569845087207, 
                "hd15iqr": 0.002724170684814453, 
                "rounds": 1044, 
                "iterations": 1, 
                "max": 0.005146026611328125, 
                "iqr": 0.00012755393981933594, 
                "iqr_outliers": 198
            }, 
            "group": "unpack", 
            "param": "bytearray", 
            "extra_info": {}, 
            "name": "test_unpack_primitive_int64[bytearray]", 
            "options": {
                "min_rounds": 5, 
                "warmup": false, 
                "timer": "time", 
                "disable_gc": false, 
                "max_time": 1.0, 
                "min_time": 5e-06
            }, 
            "fullname": ".tox/py27-bench/lib/python2.7/site-packages/capnpy/benchmarks/test_unpack.py::TestUnpack::()::test_unpack_primitive_int64[bytearray]", 
            "params": {
                "buftype": "bytearray"
            }
        }, 
        {
            "stats": {
                "mean": 0.0007436586462933084, 
                "median": 0.0007619857788085938, 
                "stddev_outliers": 275, 
                "outliers": "275;35", 
                "ld15iqr": 0.0006530284881591797, 
                "q3": 0.0007700920104980469, 
                "q1": 0.0007030963897705078, 
                "min": 0.00045299530029296875, 
                "stddev": 6.605339858970753e-05, 
                "hd15iqr": 0.0008699893951416016, 
                "rounds": 1196, 
                "iterations": 1, 
                "max": 0.0008699893951416016, 
                "iqr": 6.699562072753906e-05, 
                "iqr_outliers": 35
            }, 
            "group": "unpack", 
            "param": "str", 
            "extra_info": {}, 
            "name": "test_unpack_int64[str]", 
            "options": {
                "min_rounds": 5, 
                "warmup": false, 
                "timer": "time", 
                "disable_gc": false, 
                "max_time": 1.0, 
                "min_time": 5e-06
            }, 
            "fullname": ".tox/py27-bench/lib/python2.7/site-packages/capnpy/benchmarks/test_unpack.py::TestUnpack::()::test_unpack_int64[str]", 
            "params": {
                "buftype": "str"
            }
        }, 
        {
            "stats": {
                "mean": 0.0007827676723287312, 
                "median": 0.0007691383361816406, 
                "stddev_outliers": 4, 
                "outliers": "4;197",