{
    "benchmarks": [
        {
            "group": "buffered", 
            "param": null, 
            "name": "test_BufferedSocket", 
            "stats": {
                "min": 0.3602328300476074, 
                "mean": 0.36066398620605467, 
                "q1": 0.36036497354507446, 
                "rounds": 5, 
                "iqr_outliers": 1, 
                "q3": 0.36081624031066895, 
                "median": 0.36057305335998535, 
                "outliers": "1;1", 
                "ld15iqr": 0.3602328300476074, 
                "stddev": 0.0005019154664958089, 
                "hd15iqr": 0.3615250587463379, 
                "stddev_outliers": 1, 
                "iterations": 1, 
                "max": 0.3615250587463379, 
                "iqr": 0.0004512667655944824
            }, 
            "options": {
                "max_time": 1.0, 
                "warmup": false, 
                "disable_gc": false, 
                "timer": "time", 
                "min_rounds": 5, 
                "min_time": 5e-06
            }, 
            "extra_info": {}, 
            "params": null, 
            "fullname": ".tox/py27-bench/lib/python2.7/site-packages/capnpy/benchmarks/test_buffered.py::TestBuffered::()::test_BufferedSocket"
        }, 
        {
            "group": "buffered", 
            "param": null, 
            "name": "test_BufferedStream", 
            "stats": {
                "min": 0.37485504150390625, 
                "mean": 0.37528386116027834, 
                "q1": 0.3750815987586975, 
                "rounds": 5, 
                "iqr_outliers": 0, 
                "q3": 0.3755444884300232, 
                "median": 0.375197172164917, 
                "outliers": "2;0", 
                "ld15iqr": 0.37485504150390625, 
                "stddev": 0.00033278735664374397, 
                "hd15iqr": 0.37572598457336426, 
                "stddev_outliers": 2, 
                "iterations": 1, 
                "max": 0.37572598457336426, 
                "iqr": 0.0004628896713256836
            }, 
            "options": {
                "max_time": 1.0, 
                "warmup": false, 
                "disable_gc": false, 
                "timer": "time", 
                "min_rounds": 5, 
                "min_time": 5e-06
            }, 
            "extra_info": {}, 
            "params": null, 
            "fullname": ".tox/py27-bench/lib/python2.7/site-packages/capnpy/benchmarks/test_buffered.py::TestBuffered::()::test_BufferedStream"
        }, 
        {
            "group": "buffered", 
            "param": null, 
            "name": "test_makefile", 
            "stats": {
                "min": 3.1954190731048584, 
                "mean": 3.202899217605591, 
                "q1": 3.197413206100464, 
                "rounds": 5, 
                "iqr_outliers": 0, 
                "q3": 3.208288848400116, 
                "median": 3.202385902404785, 
                "outliers": "2;0", 
                "ld15iqr": 3.1954190731048584, 
                "stddev": 0.006516451136825978, 
                "hd15iqr": 3.2113420963287354, 
                "stddev_outliers": 2, 
                "iterations": 1, 
                "max": 3.2113420963287354, 
                "iqr": 0.0108756422996521
            }, 
            "options": {
                "max_time": 1.0, 
                "warmup": false, 
                "disable_gc": false, 
                "timer": "time", 
                "min_rounds": 5, 
                "min_time": 5e-06
            }, 
            "extra_info": {}, 
            "params": null, 
            "fullname": ".tox/py27-bench/lib/python2.7/site-packages/capnpy/benchmarks/test_buffered.py::TestBuffered::()::test_makefile"
        }, 
        {
            "group": "unpack", 
            "param": "str", 
            "name": "test_unpack_primitive_int64[str]", 
            "stats": {
                "min": 0.0005478858947753906, 
                "mean": 0.0005550610647316877, 
                "q1": 0.0005509853363037109, 
                "rounds": 1571, 
                "iqr_outliers": 216, 
                "q3": 0.0005550384521484375, 
                "median": 0.0005538463592529297, 
                "outliers": "181;216", 
                "ld15iqr": 0.0005478858947753906, 
                "stddev": 8.309023746732321e-06, 
                "hd15iqr": 0.0005612373352050781, 
                "stddev_outliers": 181, 
                "iterations": 1, 
                "max": 0.0008070468902587891, 
                "iqr": 4.0531158447265625e-06
            }, 
            "options": {
                "max_time": 1.0, 
                "warmup": false, 
                "disable_gc": false, 
                "timer": "time", 
                "min_rounds": 5, 
                "min_time": 5e-06
            }, 
            "extra_info": {}, 
            "params": {
                "buftype": "str"
            }, 
            "fullname": ".tox/py27-bench/lib/python2.7/site-packages/capnpy/benchmarks/test_unpack.py::TestUnpack::()::test_unpack_primitive_int64[str]"
        }, 
        {
            "group": "unpack", 
            "param": "bytearray", 
            "name": "test_unpack_primitive_int64[bytearray]", 
            "stats": {
                "min": 0.0005528926849365234, 
                "mean": 0.0005604075076105393, 
                "q1": 0.00055694580078125, 
                "rounds": 1748, 
                "iqr_outliers": 236, 
                "q3": 0.0005609989166259766, 
                "median": 0.0005588531494140625, 
                "outliers": "264;236", 
                "ld15iqr": 0.0005528926849365234, 
                "stddev": 6.195423911079605e-06, 
                "hd15iqr": 0.0005671977996826172, 
                "stddev_outliers": 264, 
                "iterations": 1, 
                "max": 0.0006039142608642578, 
                "iqr": 4.0531158447265625e-06
            }, 
            "options": {
                "max_time": 1.0, 
                "warmup": false, 
                "disable_gc": false, 
                "timer": "time", 
                "min_rounds": 5, 
                "min_time": 5e-06
            }, 
            "extra_info": {}, 
            "params": {
                "buftype": "bytearray"
            }, 
            "fullname": ".tox/py27-bench/lib/python2.7/site-packages/capnpy/benchmarks/test_unpack.py::TestUnpack::()::test_unpack_primitive_int64[bytearray]"
        }, 
        {
            "group": "unpack", 
            "param": "str", 
            "name": "test_unpack_int64[str]", 
            "stats": {
                "min": 0.0004189014434814453, 
                "mean": 0.0004242184688032661, 
                "q1": 0.0004200935363769531, 
                "rounds": 2294, 
                "iqr_outliers": 73, 
                "q3": 0.0004279613494873047, 
                "median": 0.0004210472106933594, 
                "outliers": "255;73", 
                "ld15iqr": 0.0004189014434814453, 
                "stddev": 5.9287291869444285e-06, 
                "hd15iqr": 0.0004398822784423828, 
                "stddev_outliers": 255, 
                "iterations": 1, 
                "max": 0.0004649162292480469, 
                "iqr": 7.867813110351562e-06
            }, 
            "options": {
                "max_time": 1.0, 
                "warmup": false, 
                "disable_gc": false, 
                "timer": "time", 
                "min_rounds": 5, 
                "min_time": 5e-06
            }, 
            "extra_info": {}, 
            "params": {
                "buftype": "str"
            }, 
            "fullname": ".tox/py27-bench/lib/python2.7/site-packages/capnpy/benchmarks/test_unpack.py::TestUnpack::()::test_unpack_int64[str]"
        }, 
        {
            "group": "unpack", 
            "param": "bytearray", 
            "name": "test_unpack_int64[bytearray]",