{
    "benchmarks": [
        {
            "stats": {
                "hd15iqr": 0.3891158103942871, 
                "iterations": 1, 
                "iqr": 0.005045652389526367, 
                "max": 0.3891158103942871, 
                "median": 0.37188220024108887, 
                "stddev": 0.007814685702967452, 
                "rounds": 5, 
                "iqr_outliers": 1, 
                "q3": 0.37651747465133667, 
                "q1": 0.3714718222618103, 
                "stddev_outliers": 1, 
                "outliers": "1;1", 
                "min": 0.3708500862121582, 
                "mean": 0.375169038772583, 
                "ld15iqr": 0.3708500862121582
            }, 
            "options": {
                "warmup": false, 
                "max_time": 1.0, 
                "min_time": 5e-06, 
                "min_rounds": 5, 
                "disable_gc": false, 
                "timer": "time"
            }, 
            "name": "test_BufferedSocket", 
            "group": "buffered", 
            "fullname": ".tox/py27-bench/lib/python2.7/site-packages/capnpy/benchmarks/test_buffered.py::TestBuffered::()::test_BufferedSocket", 
            "extra_info": {}, 
            "params": null, 
            "param": null
        }, 
        {
            "stats": {
                "hd15iqr": 0.4087638854980469, 
                "iterations": 1, 
                "iqr": 0.015169024467468262, 
                "max": 0.4087638854980469, 
                "median": 0.3834819793701172, 
                "stddev": 0.012033550649024895, 
                "rounds": 5, 
                "iqr_outliers": 0, 
                "q3": 0.39554595947265625, 
                "q1": 0.380376935005188, 
                "stddev_outliers": 1, 
                "outliers": "1;0", 
                "min": 0.37994813919067383, 
                "mean": 0.38877077102661134, 
                "ld15iqr": 0.37994813919067383
            }, 
            "options": {
                "warmup": false, 
                "max_time": 1.0, 
                "min_time": 5e-06, 
                "min_rounds": 5, 
                "disable_gc": false, 
                "timer": "time"
            }, 
            "name": "test_BufferedStream", 
            "group": "buffered", 
            "fullname": ".tox/py27-bench/lib/python2.7/site-packages/capnpy/benchmarks/test_buffered.py::TestBuffered::()::test_BufferedStream", 
            "extra_info": {}, 
            "params": null, 
            "param": null
        }, 
        {
            "stats": {
                "hd15iqr": 3.925421953201294, 
                "iterations": 1, 
                "iqr": 0.21385091543197632, 
                "max": 3.925421953201294, 
                "median": 3.2728168964385986, 
                "stddev": 0.2977360907122641, 
                "rounds": 5, 
                "iqr_outliers": 1, 
                "q3": 3.4538286328315735, 
                "q1": 3.239977717399597, 
                "stddev_outliers": 1, 
                "outliers": "1;1", 
                "min": 3.237252950668335, 
                "mean": 3.3946017265319823, 
                "ld15iqr": 3.237252950668335
            }, 
            "options": {
                "warmup": false, 
                "max_time": 1.0, 
                "min_time": 5e-06, 
                "min_rounds": 5, 
                "disable_gc": false, 
                "timer": "time"
            }, 
            "name": "test_makefile", 
            "group": "buffered", 
            "fullname": ".tox/py27-bench/lib/python2.7/site-packages/capnpy/benchmarks/test_buffered.py::TestBuffered::()::test_makefile", 
            "extra_info": {}, 
            "params": null, 
            "param": null
        }, 
        {
            "stats": {
                "hd15iqr": 0.0005278587341308594, 
                "iterations": 1, 
                "iqr": 3.0994415283203125e-06, 
                "max": 0.00061798095703125, 
                "median": 0.0005218982696533203, 
                "stddev": 1.3668853604338579e-05, 
                "rounds": 1686, 
                "iqr_outliers": 238, 
                "q3": 0.0005230903625488281, 
                "q1": 0.0005199909210205078, 
                "stddev_outliers": 184, 
                "outliers": "184;238", 
                "min": 0.0005159378051757812, 
                "mean": 0.0005259424766187566, 
                "ld15iqr": 0.0005159378051757812
            }, 
            "options": {
                "warmup": false, 
                "max_time": 1.0, 
                "min_time": 5e-06, 
                "min_rounds": 5, 
                "disable_gc": false, 
                "timer": "time"
            }, 
            "name": "test_unpack_primitive_int64[str]", 
            "group": "unpack", 
            "fullname": ".tox/py27-bench/lib/python2.7/site-packages/capnpy/benchmarks/test_unpack.py::TestUnpack::()::test_unpack_primitive_int64[str]", 
            "extra_info": {}, 
            "params": {
                "buftype": "str"
            }, 
            "param": "str"
        }, 
        {
            "stats": {
                "hd15iqr": 0.0005338191986083984, 
                "iterations": 1, 
                "iqr": 3.0994415283203125e-06, 
                "max": 0.0006008148193359375, 
                "median": 0.0005271434783935547, 
                "stddev": 1.0341881338627785e-05, 
                "rounds": 1849, 
                "iqr_outliers": 257, 
                "q3": 0.0005290508270263672, 
                "q1": 0.0005259513854980469, 
                "stddev_outliers": 228, 
                "outliers": "228;257", 
                "min": 0.0005228519439697266, 
                "mean": 0.0005307536695118271, 
                "ld15iqr": 0.0005228519439697266
            }, 
            "options": {
                "warmup": false, 
                "max_time": 1.0, 
                "min_time": 5e-06, 
                "min_rounds": 5, 
                "disable_gc": false, 
                "timer": "time"
            }, 
            "name": "test_unpack_primitive_int64[bytearray]", 
            "group": "unpack", 
            "fullname": ".tox/py27-bench/lib/python2.7/site-packages/capnpy/benchmarks/test_unpack.py::TestUnpack::()::test_unpack_primitive_int64[bytearray]", 
            "extra_info": {}, 
            "params": {
                "buftype": "bytearray"
            }, 
            "param": "bytearray"
        }, 
        {
            "stats": {
                "hd15iqr": 0.00043487548828125, 
                "iterations": 1, 
                "iqr": 3.814697265625e-06, 
                "max": 0.0011990070343017578, 
                "median": 0.00042700767517089844, 
                "stddev": 1.8823237403523695e-05, 
                "rounds": 2315, 
                "iqr_outliers": 260, 
                "q3": 0.00042891502380371094, 
                "q1": 0.00042510032653808594, 
                "stddev_outliers": 157, 
                "outliers": "157;260", 
                "min": 0.0004208087921142578, 
                "mean": 0.00043018291629931326, 
                "ld15iqr": 0.0004208087921142578
            }, 
            "options": {
                "warmup": false, 
                "max_time": 1.0, 
                "min_time": 5e-06, 
                "min_rounds": 5, 
                "disable_gc": false, 
                "timer": "time"
            }, 
            "name": "test_unpack_int64[str]", 
            "group": "unpack", 
            "fullname": ".tox/py27-bench/lib/python2.7/site-packages/capnpy/benchmarks/test_unpack.py::TestUnpack::()::test_unpack_int64[str]", 
            "extra_info": {}, 
            "params": {
                "buftype": "str"
            }, 
            "param": "str"
        }, 
        {
            "stats": {
                "hd15iqr": 0.0004410743713378906, 
                "iterations": 1, 
                "iqr": 6.67572021484375e-06,